<?xml version="1.0" encoding="utf-8"?>
<Grupa xmlns:xsi="http://www.w3.org/2001/XMLSchema-instance" xmlns:xsd="http://www.w3.org/2001/XMLSchema">
  <Nazwagrupy>Jeden</Nazwagrupy>
  <Students>
    <Student Ocena="3">
      <Nazwisko>Nazwisko1</Nazwisko>
    </Student>
    <Student Ocena="5">
      <Nazwisko>Nazwisko1</Nazwisko>
    </Student>
    <Student Ocena="5">
      <Nazwisko>Nazwisko1</Nazwisko>
    </Student>
    <Student Ocena="5">
      <Nazwisko>Nazwisko1</Nazwisko>
    </Student>
  </Students>
</Grupa>